total_loss,accuracy
2.3027713298797607,9.38
2.2952260971069336,8.59
2.301217794418335,10.42
2.284435749053955,11.72
2.2965359687805176,12.5
2.2895116806030273,13.8
2.287403106689453,14.96
2.2744500637054443,17.58
2.291926383972168,17.71
2.2857937812805176,17.5
2.271660089492798,17.19
2.288435220718384,16.8
2.279157876968384,16.59
2.2604448795318604,16.85
2.2652859687805176,17.29
2.251720666885376,17.97
2.2500133514404297,18.84
2.251382827758789,19.27
2.2279257774353027,20.07
2.255594491958618,20.47
2.2456107139587402,20.76
2.2183055877685547,21.59
2.2349965572357178,21.74
2.2300281524658203,22.33
2.224039316177368,22.56
2.1877331733703613,23.26
2.173448085784912,24.25
2.1976895332336426,24.78
2.176038980484009,25.54
2.1765048503875732,26.15
2.159475326538086,27.02
2.168901205062866,27.73
2.133131265640259,28.98
2.1319453716278076,29.92
2.119666576385498,31.07
2.118939161300659,31.9
2.0959646701812744,33.02
2.1278581619262695,33.72
2.079437732696533,34.62
2.073392391204834,35.31
2.055666923522949,36.01
2.0701003074645996,36.57
2.0360946655273438,37.06
2.0439531803131104,37.61
1.9585338830947876,38.54
1.972901701927185,39.2
2.0121569633483887,39.66
2.0133488178253174,40.07
1.9820467233657837,40.62
1.9889779090881348,41.03
1.9258627891540527,41.64
1.963687777519226,41.92
1.8791162967681885,42.36
1.867869257926941,42.97
1.91472589969635,43.3
1.84230637550354,43.64
1.7509077787399292,44.11
1.7761591672897339,44.5
1.781031847000122,45.02
1.746750831604004,45.47
1.6823806762695312,46.06
1.7161027193069458,46.47
1.7058683633804321,46.75
1.682989478111267,47.17
1.6683727502822876,47.62
1.6135361194610596,48.01
1.5708752870559692,48.41
1.5741480588912964,48.83
1.5863728523254395,49.21
1.582027792930603,49.53
1.3805103302001953,49.96
1.320314884185791,50.39
1.4013431072235107,50.66
1.3953497409820557,50.95
1.396599292755127,51.27
1.4483861923217773,51.48
1.2205637693405151,51.81
1.3115736246109009,52.08
1.2068359851837158,52.43
1.2645869255065918,52.73
1.2414371967315674,52.95
1.139234185218811,53.3
1.2372640371322632,53.56
1.0554226636886597,53.81
1.0922999382019043,54.06
0.9527996778488159,54.38
1.0760163068771362,54.67
1.0520203113555908,54.95
0.9886919260025024,55.27
1.0479316711425781,55.52
1.023532509803772,55.84
1.0244816541671753,56.06
0.9711283445358276,56.37
0.8467885255813599,56.67
0.6846604347229004,56.99
0.6689664125442505,57.31
0.8302286863327026,57.54
0.798886239528656,57.72
0.8482133150100708,57.94
0.7541155815124512,58.17
0.7145757079124451,58.43
0.810782253742218,58.62
0.61274254322052,58.92
0.5791099071502686,59.22
0.770266592502594,59.51
0.690895140171051,59.83
0.9897432923316956,59.99
0.7509968876838684,60.21
0.6970800161361694,60.38
0.7832320928573608,60.55
0.695920467376709,60.73
0.690995991230011,60.98
0.8769314885139465,61.1
0.9662638306617737,61.24
0.8692417144775391,61.45
0.6714045405387878,61.64
0.7597490549087524,61.74
0.7742323279380798,61.82
0.5667940378189087,62.01
0.6695114970207214,62.2
0.6335265040397644,62.4
0.7689539790153503,62.49
0.601902186870575,62.65
0.7143272757530212,62.79
0.5891870260238647,62.95
0.6128592491149902,63.11
0.576012134552002,63.29
0.4597707986831665,63.44
0.8001797795295715,63.57
0.7039713263511658,63.71
0.5393170714378357,63.88
0.6299166679382324,64.03
0.5373523831367493,64.18
0.42385903000831604,64.39
0.48854413628578186,64.51
0.8029398918151855,64.58
0.8860402703285217,64.67
0.5077913403511047,64.84
0.895759105682373,64.89
0.5715295672416687,65.01
0.4295336902141571,65.15
0.32274168729782104,65.32
0.599420964717865,65.47
0.3734305202960968,65.65
0.5624042749404907,65.75
0.5261815786361694,65.89
0.6823990345001221,65.99
0.6491185426712036,66.11
0.4358116686344147,66.28
0.6309212446212769,66.39
0.48178884387016296,66.49
0.3240623474121094,66.67
0.6324830055236816,66.74
0.35712236166000366,66.91
0.3180300295352936,67.08
0.4364948272705078,67.21
0.45494794845581055,67.34
0.4631865322589874,67.44
0.3977435231208801,67.61
0.6633555889129639,67.68
0.7209193706512451,67.68
0.38099756836891174,67.8
0.23106001317501068,67.97
0.39712581038475037,68.06
0.29679542779922485,68.2
0.3444923460483551,68.33
0.3968171179294586,68.44
0.613822340965271,68.52
0.5124152302742004,68.62
0.3674016296863556,68.76
0.4394019544124603,68.87
0.3760777711868286,69.02
0.2948969304561615,69.16
0.48963287472724915,69.24
0.4055945575237274,69.36
0.5848926901817322,69.44
0.2943797707557678,69.55
0.37997254729270935,69.65
0.25800108909606934,69.76
0.4235931932926178,69.84
0.708785891532898,69.92
0.6000769734382629,69.98
0.7495908737182617,70.03
0.566428542137146,70.12
0.3636261522769928,70.19
0.4763098955154419,70.25
0.37331175804138184,70.37
0.31486040353775024,70.47
0.4000425636768341,70.57
0.273063063621521,70.69
0.5244049429893494,70.76
0.41818276047706604,70.84
0.43196186423301697,70.92
0.5295017957687378,70.99
0.5583741664886475,71.04
0.586697518825531,71.12
0.849452018737793,71.16
0.7434297204017639,71.18
0.5501607060432434,71.24
0.5008478164672852,71.3
0.31147027015686035,71.39
0.36231738328933716,71.47
0.6404829621315002,71.51
0.7895470261573792,71.52
0.6845263838768005,71.55
0.5913143157958984,71.6
0.4433164596557617,71.67
0.35871949791908264,71.78
0.3820193409919739,71.85
0.3423898220062256,71.92
0.2773670256137848,72.02
0.3531091511249542,72.1
0.20165294408798218,72.19
0.6385491490364075,72.24
0.5997427105903625,72.29
0.3279481828212738,72.37
0.48770925402641296,72.43
0.6055834889411926,72.46
0.780384361743927,72.48
0.5583117008209229,72.54
0.6905983090400696,72.57
0.48965251445770264,72.6
0.42345619201660156,72.67
0.6555469632148743,72.71
0.6948380470275879,72.74
0.38616612553596497,72.82
0.5482434034347534,72.85
0.4856634736061096,72.9
0.685417115688324,72.91
0.7835102081298828,72.88
0.8521738648414612,72.88
0.7419155836105347,72.9
0.432669460773468,72.95
0.37010326981544495,73.02
0.33846354484558105,73.08
0.27744513750076294,73.17
0.6686127185821533,73.21
0.4372255802154541,73.27
0.478790819644928,73.33
0.3307485282421112,73.4
0.31536081433296204,73.46
0.3712536096572876,73.53
0.430342435836792,73.59
0.3224477171897888,73.66
0.3509364724159241,73.72
0.5970519185066223,73.74
0.519622266292572,73.77
0.4580085873603821,73.79
0.42210644483566284,73.84
0.6772397756576538,73.87
0.6198094487190247,73.89
0.30960968136787415,73.96
0.2615296244621277,74.04
0.4340212643146515,74.08
0.32327595353126526,74.14
0.413070410490036,74.19
0.30928802490234375,74.27
0.3159034848213196,74.36
0.4773483872413635,74.41
0.36336183547973633,74.49
0.4794398546218872,74.53
0.47358471155166626,74.57
0.6973163485527039,74.59
0.36438027024269104,74.64
0.3488673269748688,74.7
0.5704018473625183,74.74
0.39967018365859985,74.79
0.39148902893066406,74.84
0.5833064317703247,74.86
0.5341349840164185,74.89
0.23770257830619812,74.96
0.3763993978500366,75.01
0.3123694956302643,75.07
0.5117563605308533,75.11
0.7752175331115723,75.13
0.37124496698379517,75.18
0.5359053611755371,75.21
0.3731583058834076,75.26
0.5061074495315552,75.29
0.405103862285614,75.33
0.3251684308052063,75.39
0.2711396813392639,75.46
0.3318943977355957,75.52
0.22337524592876434,75.58
0.21816536784172058,75.64
0.2780924141407013,75.7
0.26018568873405457,75.77
0.4697265625,75.81
0.40420281887054443,75.87
0.2649676501750946,75.94
0.4083310067653656,76.0
0.36212578415870667,76.05
0.3944407105445862,76.1
0.21808625757694244,76.17
0.32348477840423584,76.22
0.19959203898906708,76.29
0.26787927746772766,76.34
0.46644002199172974,76.37
0.399672269821167,76.42
0.3938479721546173,76.44
0.38016805052757263,76.49
0.30346620082855225,76.55
0.40869951248168945,76.59
0.2792501449584961,76.64
0.36360013484954834,76.69
0.3545990288257599,76.72
0.2667638957500458,76.76
0.12661291658878326,76.83
0.1324719339609146,76.89
0.4471476376056671,76.93
0.23188365995883942,76.98
0.35371294617652893,77.01
0.4090357720851898,77.05
0.4635092616081238,77.08
0.27807700634002686,77.12
0.6600050330162048,77.15
0.2996102273464203,77.19
0.4016822576522827,77.24
0.1939203143119812,77.29
0.24909168481826782,77.34
0.2311260849237442,77.39
0.4425485134124756,77.43
0.2839512825012207,77.47
0.5447708964347839,77.51
0.4806426465511322,77.54
0.4674147665500641,77.57
0.6307513117790222,77.59
0.6853514909744263,77.62
0.48286375403404236,77.65
0.35004153847694397,77.7
0.3880738317966461,77.74
0.29047495126724243,77.78
0.22212255001068115,77.83
0.3572724163532257,77.86
0.4368923306465149,77.88
0.1733512133359909,77.93
0.3495434522628784,77.96
0.5509288907051086,77.99
0.2594272196292877,78.03
0.3004212975502014,78.07
0.0835164338350296,78.14
0.15419983863830566,78.18
0.30975639820098877,78.21
0.3462408185005188,78.25
0.18579116463661194,78.3
0.49644678831100464,78.31
0.44338810443878174,78.34
0.38609978556632996,78.38
0.38114121556282043,78.41
0.13341024518013,78.46
0.2959534823894501,78.49
0.6186685562133789,78.48
0.6842063069343567,78.48
0.528973400592804,78.5
0.3631918728351593,78.52
0.3097722828388214,78.55
0.3180517852306366,78.57
0.20071470737457275,78.61
0.1272832751274109,78.66
0.2832411825656891,78.69
0.5305681228637695,78.7
0.4604858458042145,78.73
0.431130588054657,78.75
0.18979763984680176,78.79
0.2918991148471832,78.83
0.274041086435318,78.87
0.42630913853645325,78.88
0.2857992947101593,78.92
0.2700762152671814,78.96
0.36102864146232605,78.99
0.5228232741355896,79.01
0.26012107729911804,79.04
0.4324588477611542,79.06
0.404694139957428,79.08
0.46449342370033264,79.11
0.3469752073287964,79.14
0.2648674249649048,79.17
0.2513710856437683,79.21
0.44274434447288513,79.22
0.5550992488861084,79.24
0.27834874391555786,79.27
0.32339078187942505,79.3
0.40078219771385193,79.32
0.52626633644104,79.35
0.4329437017440796,79.36
0.4364323318004608,79.38
0.4868486225605011,79.38
0.534578800201416,79.4
0.275461345911026,79.43
0.4326675534248352,79.46
0.37192636728286743,79.48
0.17453697323799133,79.52
0.3898022472858429,79.54
0.38670048117637634,79.56
0.34630998969078064,79.58
0.48264241218566895,79.59
0.19017904996871948,79.63
0.17979125678539276,79.66
0.2790674865245819,79.69
0.35494688153266907,79.71
0.25113189220428467,79.74
0.2534913718700409,79.78
0.23915433883666992,79.81
0.45349258184432983,79.82
0.23722948133945465,79.85
0.232277974486351,79.89
0.21124742925167084,79.93
0.27024906873703003,79.96
0.22587308287620544,79.99
0.20230114459991455,80.02
0.39735257625579834,80.04
0.3663545250892639,80.07
0.6678495407104492,80.08
0.4544491767883301,80.09
0.44596943259239197,80.1
0.41699114441871643,80.13
0.6697269678115845,80.14
0.6195301413536072,80.13
0.42383939027786255,80.15
0.2897949516773224,80.19
0.543844997882843,80.22
0.1899307817220688,80.25
0.19647550582885742,80.28
0.2734929621219635,80.31
0.6350077986717224,80.32
0.4825673997402191,80.34
0.2158195674419403,80.37
0.27712497115135193,80.39
0.3027983605861664,80.41
0.409056156873703,80.43
0.25941675901412964,80.46
0.3950144052505493,80.48
0.3561176657676697,80.49
0.3122764825820923,80.52
0.4413469433784485,80.53
0.2553417980670929,80.56
0.21553274989128113,80.59
0.18355992436408997,80.62
0.1444571614265442,80.66
0.343476802110672,80.68
0.363385409116745,80.7
0.2574811577796936,80.73
0.15716223418712616,80.76
0.7003487348556519,80.77
0.23710738122463226,80.8
0.3616768717765808,80.82
0.33962154388427734,80.86
0.943585991859436,80.85
0.4223795235157013,80.87
0.29659026861190796,80.89
0.21570587158203125,80.91
0.1947094202041626,80.94
0.31307992339134216,80.96
0.1677897870540619,80.99
0.5034752488136292,81.0
0.4873139262199402,81.01
0.40762487053871155,81.02
0.2733328640460968,81.04
0.2943306267261505,81.07
0.3353102207183838,81.08
0.25094276666641235,81.1
0.34020495414733887,81.11
0.30472737550735474,81.14
0.34952735900878906,81.16
0.5247583985328674,81.16
0.29944688081741333,81.18
0.5815762877464294,81.17
0.5072295665740967,81.17
0.5583146214485168,81.18
0.32655274868011475,81.18
0.44348227977752686,81.19
0.4398424029350281,81.21
0.4464769661426544,81.23
0.2441566437482834,81.26
0.18830575048923492,81.29
0.3454800248146057,81.3
0.4716934263706207,81.3
0.3472614884376526,81.31
0.45232442021369934,81.32
0.3902977406978607,81.33
0.3625178635120392,81.35
0.31791406869888306,81.36
0.5588107109069824,81.37
0.3534703254699707,81.39
0.3636091351509094,81.41
0.3253142237663269,81.44
0.5312246084213257,81.45
0.6325953006744385,81.47
0.40454399585723877,81.48
0.7132073640823364,81.48
0.4465898871421814,81.5
0.35100579261779785,81.51
0.17703157663345337,81.54
0.3071378767490387,81.55
0.4894617795944214,81.56
0.6409097909927368,81.56
0.36524808406829834,81.57
0.2785389721393585,81.59
0.32311221957206726,81.61
0.31356632709503174,81.62
0.38039708137512207,81.63
0.43534642457962036,81.64
0.4068596363067627,81.65
0.33945396542549133,81.66
0.515681266784668,81.67
0.48931390047073364,81.67
0.5454068183898926,81.67
0.5076422095298767,81.67
0.2937811017036438,81.69
0.12201710045337677,81.71
0.42700615525245667,81.73
0.3094005584716797,81.75
0.5018605589866638,81.76
0.36182901263237,81.78
0.34300193190574646,81.8
0.26215288043022156,81.81
0.46448570489883423,81.82
0.26901620626449585,81.84
0.2740507125854492,81.85
0.38938286900520325,81.86
0.3761484622955322,81.88
0.4505770802497864,81.89
0.36436721682548523,81.9
0.3225456774234772,81.92
0.27513962984085083,81.93
0.1706991195678711,81.96
0.1855296492576599,81.98
0.4321335256099701,81.99
0.1597398966550827,82.01
0.1443575620651245,82.04
0.12912549078464508,82.07
0.21788381040096283,82.09
0.26469144225120544,82.11
0.2271997183561325,82.14
0.17922502756118774,82.16
0.2124585509300232,82.19
0.2032536119222641,82.21
0.31798243522644043,82.22
0.47256752848625183,82.24
0.529722273349762,82.24
0.29570427536964417,82.25
0.41041073203086853,82.26
0.3950037360191345,82.27
0.3933878242969513,82.28
0.5404834747314453,82.29
0.4048035144805908,82.3
0.16065965592861176,82.32
0.2511071562767029,82.34
0.1868637651205063,82.36
0.2873876392841339,82.38
0.3512280285358429,82.4
0.22168731689453125,82.42
0.20692023634910583,82.44
0.2487996518611908,82.46
0.43381088972091675,82.46
0.22461582720279694,82.48
0.362570583820343,82.49
0.291973352432251,82.5
0.19477760791778564,82.52
0.18997128307819366,82.55
0.30553117394447327,82.56
0.28537437319755554,82.57
0.3942590057849884,82.57
0.3653997778892517,82.58
0.30800336599349976,82.59
0.2705778181552887,82.61
0.2663344144821167,82.63
0.11223260313272476,82.66
0.2990207076072693,82.67
0.4523760676383972,82.68
0.298519104719162,82.69
0.23138347268104553,82.7
0.18702250719070435,82.73
0.25486138463020325,82.75
0.3945102393627167,82.76
0.2884778380393982,82.77
0.3088866174221039,82.79
0.13849112391471863,82.81
0.31259530782699585,82.82
0.3853279650211334,82.82
0.4862138330936432,82.83
0.3801698088645935,82.84
0.6759701371192932,82.84
0.7585254311561584,82.85
1.1989644765853882,82.84
0.7366236448287964,82.84
0.4782100319862366,82.84
0.262133926153183,82.85
0.26507073640823364,82.86
0.4490428566932678,82.86
0.323413610458374,82.87
0.3434923589229584,82.88
0.3235709071159363,82.9
0.35247206687927246,82.91
0.3079139292240143,82.92
0.2038380354642868,82.94
0.25318869948387146,82.96
0.47949182987213135,82.96
0.3233296573162079,82.98
0.36397290229797363,82.99
0.19948461651802063,83.01
0.30598053336143494,83.02
0.4234106242656708,83.03
0.5601523518562317,83.03
0.3719714283943176,83.04
0.2950834333896637,83.05
0.20895111560821533,83.07
0.19736476242542267,83.08
0.17447391152381897,83.11
0.33023279905319214,83.12
0.17853257060050964,83.14
0.2961719036102295,83.15
0.2817847430706024,83.16
0.3218171298503876,83.17
0.9789612889289856,83.16
0.4506201446056366,83.17
0.5581942796707153,83.17
0.20495471358299255,83.19
0.2723289728164673,83.21
0.40374255180358887,83.22
0.3355114459991455,83.24
0.3768533766269684,83.25
0.3306931257247925,83.25
0.40926894545555115,83.25
0.4850252866744995,83.26
0.2617763578891754,83.27
0.32860586047172546,83.28
0.31572070717811584,83.28
0.2689279317855835,83.3
0.31913530826568604,83.3
0.31987252831459045,83.32
0.26240530610084534,83.33
0.3441278636455536,83.35
0.2710758149623871,83.36
0.30196240544319153,83.37
0.2646496295928955,83.38
0.3270498812198639,83.4
0.19682639837265015,83.41
0.25214889645576477,83.43
0.18373094499111176,83.45
0.48330944776535034,83.45
0.2551814317703247,83.47
0.28902551531791687,83.48
0.21241214871406555,83.5
0.35218557715415955,83.51
0.5473480820655823,83.51
0.3878406882286072,83.51
0.5045474171638489,83.52
0.3542636036872864,83.53
0.4764552712440491,83.53
0.2647104859352112,83.54
0.26320794224739075,83.55
0.35196128487586975,83.56
0.23852315545082092,83.57
0.19595301151275635,83.59
0.35891857743263245,83.6
0.41045650839805603,83.61
0.28382763266563416,83.62
0.35274219512939453,83.63
0.47756218910217285,83.63
0.27371788024902344,83.65
0.5384702086448669,83.64
0.3101629912853241,83.66
0.7309666872024536,83.66
0.7055540680885315,83.66
0.26573213934898376,83.68
0.25059232115745544,83.69
0.42676040530204773,83.7
0.34152328968048096,83.71
0.4402299225330353,83.72
0.4826824367046356,83.72
0.4875319004058838,83.72
0.3532189130783081,83.73
0.44490477442741394,83.73
0.21163859963417053,83.74
0.4875868558883667,83.75
0.11724065244197845,83.77
0.2130543291568756,83.78
0.164858877658844,83.79
0.17064815759658813,83.81
0.30511412024497986,83.82
0.11501222848892212,83.83
0.4671524465084076,83.84
0.18313384056091309,83.86
0.4507613480091095,83.87
0.38091185688972473,83.87
0.3630608022212982,83.88
0.22959299385547638,83.9
0.21380282938480377,83.91
0.4248017370700836,83.92
0.26099997758865356,83.93
0.45462924242019653,83.93
0.4513257145881653,83.94
0.39059093594551086,83.95
0.42635270953178406,83.96
0.3183058798313141,83.97
0.13735860586166382,83.99
0.16741573810577393,84.01
0.18249405920505524,84.03
0.2970321774482727,84.04
0.443613201379776,84.04
0.4777187407016754,84.04
0.28156405687332153,84.05
0.48234719038009644,84.06
0.44070419669151306,84.06
0.3125489354133606,84.08
0.29112863540649414,84.09
0.19234439730644226,84.1
0.14839957654476166,84.11
0.4127964973449707,84.12
0.608117401599884,84.1
0.32386454939842224,84.11
0.41647425293922424,84.11
0.27843043208122253,84.12
0.191539004445076,84.13
0.5190761685371399,84.13
0.410075306892395,84.14
0.3683622181415558,84.15
0.30713868141174316,84.16
0.3780338168144226,84.16
0.44709843397140503,84.16
0.300863653421402,84.17
0.4548209011554718,84.17
0.5135793089866638,84.17
0.4749212861061096,84.17
0.4098546802997589,84.18
0.21161474287509918,84.19
0.167254239320755,84.21
0.270159512758255,84.21
0.13788188993930817,84.23
0.40342679619789124,84.23
0.14293386042118073,84.25
0.22265087068080902,84.26
0.2618221342563629,84.27
0.33531251549720764,84.27
0.20787104964256287,84.29
0.27665993571281433,84.29
0.2682657837867737,84.3
0.4099140167236328,84.3
0.32407307624816895,84.3
0.2647557556629181,84.31
0.3747769892215729,84.32
0.12766790390014648,84.34
0.5888816714286804,84.33
0.23280972242355347,84.34
0.3421657383441925,84.35
0.32669588923454285,84.36
0.11945240944623947,84.38
0.36517754197120667,84.39
0.37498223781585693,84.4
0.1819591522216797,84.41
0.28656524419784546,84.42
0.14160437881946564,84.43
0.14135809242725372,84.44
0.20708167552947998,84.45
0.5312517881393433,84.45
0.2424749881029129,84.47
0.1548759937286377,84.48
0.3221689760684967,84.49
0.2052924484014511,84.5
0.257339209318161,84.51
0.18431538343429565,84.52
0.12866413593292236,84.54
0.19002790749073029,84.54
0.4568530321121216,84.54
0.5992025136947632,84.54
0.42929553985595703,84.54
0.21995942294597626,84.55
0.4261503219604492,84.56
0.34555238485336304,84.56
0.1983775943517685,84.57
0.15796537697315216,84.59
0.2902955114841461,84.6
0.5589333772659302,84.6
0.678808331489563,84.59
0.5240054726600647,84.6
0.2800336182117462,84.6
0.17932188510894775,84.62
0.3147248327732086,84.63
0.5989001989364624,84.63
0.2905113399028778,84.64
0.6639108657836914,84.63
0.2288026660680771,93.75
0.243815079331398,94.53
0.4135669469833374,92.71
0.2983202338218689,92.19
0.31703299283981323,91.87
0.13609303534030914,92.19
0.31112003326416016,91.96
0.4364870488643646,91.6
0.23285289108753204,91.67
0.40462470054626465,90.78
0.37317708134651184,90.2
0.2868522107601166,90.23
0.27979111671447754,90.14
0.6124590635299683,89.73
0.4192376434803009,89.79
0.3103087842464447,89.84
0.5709013938903809,89.61
0.5872759819030762,88.89
0.11254112422466278,89.39
0.5187959671020508,89.22
0.4273560345172882,88.84
0.5250493884086609,88.64
0.1707509309053421,88.86
0.24259799718856812,89.06
0.3067035973072052,89.31
0.1863451451063156,89.54
0.21919184923171997,89.64
0.24868962168693542,89.79
0.2745072543621063,89.92
0.16006655991077423,90.1
0.23064802587032318,90.17
0.29647305607795715,90.19
0.32791653275489807,90.29
0.2361433506011963,90.44
0.3640892803668976,90.36
0.15967899560928345,90.49
0.14322203397750854,90.62
0.3460809886455536,90.71
0.12872646749019623,90.91
0.1442294865846634,91.05
0.1873111128807068,91.16
0.4025420546531677,91.15
0.27698367834091187,91.21
0.3453099727630615,91.16
0.21340252459049225,91.22
0.26461389660835266,91.17
0.2010999470949173,91.22
0.3395072817802429,91.18
0.22591029107570648,91.26
0.16633646190166473,91.37
0.21691402792930603,91.36
0.26794037222862244,91.41
0.2615929841995239,91.42
0.21826450526714325,91.52
0.2409193217754364,91.59
0.2648380696773529,91.63
0.1243806853890419,91.72
0.4649365246295929,91.68
0.3889680802822113,91.68
0.3234671652317047,91.69
0.12936314940452576,91.8
0.11582447588443756,91.83
0.24874481558799744,91.87
0.37511202692985535,91.89
0.3792417347431183,91.9
0.32826554775238037,91.88
0.32596555352211,91.88
0.20268948376178741,91.91
0.19964750111103058,91.96
0.19166019558906555,92.01
0.2526329755783081,92.08
0.13172206282615662,92.1
0.3182803988456726,92.06
0.16282270848751068,92.06
0.34776580333709717,92.08
0.2517002820968628,92.11
0.18154717981815338,92.11
0.416231244802475,92.11
0.23439697921276093,92.15
0.27729532122612,92.15
0.5793922543525696,92.03
0.17346815764904022,92.07
0.34362807869911194,92.07
0.24590998888015747,92.11
0.24975916743278503,92.08
0.10890745371580124,92.15
0.36349788308143616,92.12
0.19838368892669678,92.1
0.2599549889564514,92.13
0.31052955985069275,92.08
0.21732889115810394,92.07
0.357900470495224,92.03
0.21331138908863068,92.05
0.193473219871521,92.1
0.17447148263454437,92.15
0.2994624972343445,92.15
0.13490426540374756,92.2
0.19683285057544708,92.22
0.16741099953651428,92.23
0.13621290028095245,92.27
0.3034838140010834,92.26
0.2851141691207886,92.25
0.1743452548980713,92.25
0.17166668176651,92.28
0.20996446907520294,92.29
0.15016935765743256,92.31
0.4413169026374817,92.25
0.3577392101287842,92.22
0.4165635108947754,92.14
0.4814862012863159,92.1
0.21310651302337646,92.1
0.3595365881919861,92.09
0.33437028527259827,92.05
0.4394419193267822,91.98
0.4180482029914856,91.97
0.19407010078430176,91.99
0.20895016193389893,92.0
0.3197464942932129,92.0
0.21923206746578217,92.0
0.2611524760723114,91.97
0.22559213638305664,91.97
0.22368772327899933,91.97
0.3662120997905731,91.95
0.4236927628517151,91.9
0.24636705219745636,91.89
0.25663089752197266,91.88
0.3941667377948761,91.86
0.20083728432655334,91.86
0.6030835509300232,91.81
0.2839014530181885,91.83
0.14908652007579803,91.88
0.28002455830574036,91.89
0.507076621055603,91.85
0.2558765709400177,91.85
0.18229703605175018,91.86
0.4556271731853485,91.84
0.8474803566932678,91.78
0.4646972119808197,91.76
0.5384268760681152,91.72
0.3492702543735504,91.7
0.2782774865627289,91.7
0.1193963959813118,91.74
0.4870360493659973,91.72
0.19896620512008667,91.73
0.42172327637672424,91.7
0.28741422295570374,91.71
0.31192442774772644,91.69
0.5548068881034851,91.66
0.25261884927749634,91.68
0.4221522808074951,91.68
0.3484852612018585,91.65
0.10507974773645401,91.69
0.45139554142951965,91.68
0.13769371807575226,91.7
0.17952023446559906,91.71
0.22087319195270538,91.73
0.3106080889701843,91.73
0.20911139249801636,91.74
0.2618434727191925,91.74
0.577820360660553,91.69
0.5866194367408752,91.6
0.20747219026088715,91.61
0.10427594929933548,91.64
0.16804245114326477,91.67
0.13133186101913452,91.7
0.11304352432489395,91.75
0.23262810707092285,91.75
0.4488047957420349,91.73
0.2998257577419281,91.71
0.2551858127117157,91.73
0.15006358921527863,91.74
0.23764508962631226,91.74
0.2291308343410492,91.75
0.1922929584980011,91.78
0.16929587721824646,91.79
0.3905092179775238,91.77
0.1363416463136673,91.79
0.22416803240776062,91.79
0.20733970403671265,91.8
0.28161686658859253,91.79
0.6414859890937805,91.74
0.5069512128829956,91.68
0.5831837058067322,91.66
0.4890155494213104,91.64
0.21505999565124512,91.63
0.32274338603019714,91.6
0.18120330572128296,91.63
0.19850684702396393,91.63
0.3077455163002014,91.63
0.20624971389770508,91.64
0.3976951241493225,91.63
0.21306641399860382,91.64
0.3034740388393402,91.65
0.3934408128261566,91.64
0.34609469771385193,91.63
0.4483642876148224,91.63
0.7848734855651855,91.58
0.5796209573745728,91.56
0.4143725037574768,91.57
0.33133774995803833,91.56
0.18180690705776215,91.58
0.2320300191640854,91.59
0.4185534417629242,91.56
0.5272974371910095,91.53
0.45071515440940857,91.48
0.34732791781425476,91.47
0.27497756481170654,91.48
0.23817767202854156,91.49
0.2195301353931427,91.48
0.2939194440841675,91.47
0.19237448275089264,91.49
0.25998184084892273,91.49
0.12036200612783432,91.52
0.49517542123794556,91.5
0.41384249925613403,91.49
0.16651752591133118,91.5
0.32983797788619995,91.5
0.29265400767326355,91.49
0.5485170483589172,91.48
0.4046097993850708,91.47
0.437597393989563,91.45
0.2743961811065674,91.44
0.2788567543029785,91.43
0.39492031931877136,91.43
0.6117991805076599,91.39
0.22307482361793518,91.39
0.3302122950553894,91.38
0.3576374351978302,91.37
0.41545501351356506,91.34
0.4646184742450714,91.32
0.6129324436187744,91.28
0.6415483951568604,91.24
0.2691291570663452,91.24
0.2650969922542572,91.24
0.2138574719429016,91.24
0.18484711647033691,91.27
0.47520726919174194,91.26
0.3322555720806122,91.25
0.2609946131706238,91.26
0.23735296726226807,91.26
0.17483766376972198,91.29
0.25073039531707764,91.3
0.2881346344947815,91.3
0.1890166699886322,91.31
0.19711491465568542,91.33
0.3794960379600525,91.31
0.3423565924167633,91.29
0.28285545110702515,91.29
0.21481721103191376,91.31
0.5462027788162231,91.31
0.4290517568588257,91.27
0.1886952519416809,91.3
0.1263756901025772,91.32
0.2226894199848175,91.32
0.22063152492046356,91.32
0.2720370888710022,91.35
0.1972087323665619,91.36
0.2610785961151123,91.38
0.35275501012802124,91.39
0.24049367010593414,91.4
0.3692155182361603,91.39
0.3250727951526642,91.39
0.3703131079673767,91.36
0.27515074610710144,91.36
0.2120012640953064,91.37
0.3001132011413574,91.37
0.26592981815338135,91.38
0.3028451204299927,91.36
0.29313138127326965,91.35
0.3204007148742676,91.35
0.11029575765132904,91.37
0.24900507926940918,91.37
0.1878741979598999,91.38
0.37479642033576965,91.37
0.47706395387649536,91.35
0.2274473011493683,91.34
0.3592437207698822,91.34
0.23507168889045715,91.34
0.39187291264533997,91.34
0.2615707814693451,91.33
0.23388582468032837,91.35
0.20845359563827515,91.36
0.22396273910999298,91.37
0.1297379583120346,91.4
0.1331430971622467,91.41
0.17346370220184326,91.43
0.20353306829929352,91.44
0.2559323012828827,91.44
0.3191576600074768,91.44
0.21509237587451935,91.46
0.31032291054725647,91.48
0.18940776586532593,91.49
0.31388720870018005,91.49
0.10714130848646164,91.51
0.21162599325180054,91.51
0.14738596975803375,91.53
0.16098567843437195,91.54
0.3494740128517151,91.53
0.2859356105327606,91.54
0.2546756863594055,91.54
0.31900206208229065,91.54
0.15569525957107544,91.55
0.2619191110134125,91.55
0.20699217915534973,91.55
0.3009839355945587,91.56
0.2617471516132355,91.55
0.19322776794433594,91.57
0.08898840099573135,91.59
0.09606686234474182,91.61
0.41685813665390015,91.61
0.1441853791475296,91.62
0.24166440963745117,91.63
0.29616421461105347,91.63
0.33302897214889526,91.62
0.171905055642128,91.64
0.4875814914703369,91.62
0.20925331115722656,91.63
0.3163382112979889,91.64
0.12826792895793915,91.65
0.1463128626346588,91.66
0.1441846340894699,91.67
0.28478679060935974,91.68
0.25707322359085083,91.68
0.5136672854423523,91.68
0.3734718859195709,91.68
0.3607828617095947,91.69
0.5126869082450867,91.69
0.5312494039535522,91.67
0.4217880368232727,91.66
0.3278914988040924,91.66
0.2775423526763916,91.67
0.21691517531871796,91.67
0.15128742158412933,91.69
0.2830045819282532,91.7
0.22861512005329132,91.71
0.0745585635304451,91.73
0.2232850342988968,91.74
0.4726797342300415,91.73
0.20978118479251862,91.74
0.22323569655418396,91.76
0.07174985110759735,91.78
0.08436408638954163,91.8
0.23573197424411774,91.8
0.2643982172012329,91.81
0.09373454004526138,91.83
0.2673616409301758,91.83
0.345803827047348,91.82
0.32207995653152466,91.83
0.2720911502838135,91.83
0.08153966814279556,91.85
0.1964166760444641,91.86
0.4476661682128906,91.84
0.4962146580219269,91.82
0.39754602313041687,91.8
0.2593597173690796,91.8
0.17593629658222198,91.8
0.20679223537445068,91.8
0.18154840171337128,91.79
0.06434010714292526,91.82
0.1915675699710846,91.82
0.3546050786972046,91.82
0.34406548738479614,91.82
0.2853090763092041,91.83
0.09824855625629425,91.84
0.18837787210941315,91.85
0.18661898374557495,91.86
0.33655136823654175,91.86
0.18239019811153412,91.86
0.1909933239221573,91.86
0.242657870054245,91.86
0.44042834639549255,91.85
0.12999290227890015,91.87
0.32689791917800903,91.86
0.26778069138526917,91.87
0.3760858178138733,91.87
0.2723541557788849,91.87
0.15010933578014374,91.88
0.19262215495109558,91.88
0.23981082439422607,91.88
0.40516138076782227,91.86
0.16730502247810364,91.87
0.18525931239128113,91.88
0.23840437829494476,91.88
0.37041085958480835,91.87
0.28630077838897705,91.86
0.30674901604652405,91.86
0.33319610357284546,91.85
0.40479183197021484,91.85
0.22326695919036865,91.85
0.3399744927883148,91.85
0.26930999755859375,91.85
0.11192988604307175,91.86
0.2806139886379242,91.86
0.27791035175323486,91.86
0.20887616276741028,91.86
0.38743382692337036,91.85
0.10304801166057587,91.86
0.09463485330343246,91.88
0.22308067977428436,91.88
0.3252282738685608,91.88
0.20104818046092987,91.89
0.21721559762954712,91.89
0.18320000171661377,91.9
0.39447546005249023,91.88
0.14711488783359528,91.89
0.17550307512283325,91.9
0.15921278297901154,91.91
0.1882273256778717,91.92
0.15698252618312836,91.93
0.11450962722301483,91.94
0.2823108434677124,91.95
0.27065712213516235,91.96
0.5229471325874329,91.95
0.30480390787124634,91.93
0.31736791133880615,91.93
0.2900289297103882,91.93
0.5395172834396362,91.92
0.5506170392036438,91.9
0.33080923557281494,91.89
0.24868005514144897,91.91
0.4429257810115814,91.91
0.1065017506480217,91.92
0.1254776120185852,91.93
0.1920509785413742,91.93
0.5925511717796326,91.92
0.45561668276786804,91.91
0.1371692717075348,91.92
0.21559767425060272,91.92
0.20564931631088257,91.93
0.30429789423942566,91.93
0.2127549797296524,91.94
0.25755393505096436,91.93
0.296744704246521,91.93
0.24593941867351532,91.94
0.25786975026130676,91.94
0.21883226931095123,91.94
0.16037295758724213,91.94
0.10617730021476746,91.96
0.09649878740310669,91.97
0.31938081979751587,91.97
0.2944483458995819,91.96
0.18226629495620728,91.97
0.08355788886547089,91.98
0.6121938824653625,91.97
0.15421123802661896,91.99
0.2570119798183441,91.99
0.2941770553588867,92.01
0.6591020822525024,91.99
0.2688799500465393,91.99
0.2146032750606537,92.0
0.12682044506072998,92.01
0.13094279170036316,92.02
0.21281979978084564,92.02
0.11534692347049713,92.03
0.34968921542167664,92.03
0.3490760028362274,92.02
0.35585764050483704,92.02
0.20141838490962982,92.03
0.2258952260017395,92.03
0.2631028890609741,92.03
0.16699491441249847,92.03
0.22950485348701477,92.03
0.22354590892791748,92.03
0.2135554850101471,92.04
0.36039814352989197,92.04
0.1812816858291626,92.05
0.45637625455856323,92.03
0.33673396706581116,92.02
0.37921103835105896,92.02
0.24081255495548248,92.01
0.33315011858940125,92.01
0.34216469526290894,92.02
0.2590203881263733,92.02
0.19789251685142517,92.02
0.13659842312335968,92.03
0.22812697291374207,92.03
0.2743107080459595,92.02
0.26190441846847534,92.01
0.34793663024902344,92.0
0.27479225397109985,92.0
0.28140369057655334,92.0
0.26722681522369385,92.0
0.40594029426574707,91.99
0.3078627288341522,92.0
0.2147311568260193,92.0
0.26700955629348755,92.0
0.4068179428577423,92.0
0.5101830363273621,92.0
0.30951064825057983,92.0
0.5772361755371094,91.98
0.34466156363487244,91.97
0.27849021553993225,91.97
0.12912960350513458,91.97
0.22816109657287598,91.97
0.3090665340423584,91.96
0.5464217066764832,91.95
0.26201847195625305,91.95
0.2266349196434021,91.95
0.19990822672843933,91.95
0.23180894553661346,91.95
0.31799665093421936,91.95
0.308779239654541,91.94
0.28817927837371826,91.94
0.2129814177751541,91.94
0.3832208514213562,91.94
0.36288273334503174,91.92
0.4352715015411377,91.91
0.34741538763046265,91.91
0.19665031135082245,91.91
0.07321011275053024,91.92
0.38141676783561707,91.92
0.20493364334106445,91.93
0.410591185092926,91.93
0.27953386306762695,91.94
0.27276572585105896,91.94
0.14887963235378265,91.95
0.2875526547431946,91.95
0.21395832300186157,91.95
0.1549455225467682,91.95
0.3110162615776062,91.95
0.3280630111694336,91.95
0.28623977303504944,91.95
0.27422308921813965,91.95
0.25935643911361694,91.95
0.2343660593032837,91.95
0.10806941241025925,91.95
0.1241467073559761,91.96
0.3398001790046692,91.96
0.09595362097024918,91.97
0.09567858278751373,91.98
0.09570306539535522,91.99
0.15900564193725586,92.0
0.21941617131233215,92.0
0.15931659936904907,92.01
0.12988261878490448,92.02
0.15754640102386475,92.02
0.13347403705120087,92.03
0.24307551980018616,92.03
0.3584277927875519,92.03
0.4141291677951813,92.02
0.21729600429534912,92.02
0.34003397822380066,92.02
0.28590062260627747,92.02
0.2946000397205353,92.02
0.37059149146080017,92.01
0.2910131812095642,92.0
0.12642979621887207,92.01
0.21960389614105225,92.02
0.11986605823040009,92.03
0.21156033873558044,92.03
0.30459579825401306,92.03
0.15752637386322021,92.03
0.1717473864555359,92.04
0.16881118714809418,92.05
0.39757412672042847,92.05
0.14342226088047028,92.06
0.2630891501903534,92.06
0.19056285917758942,92.06
0.11999956518411636,92.06
0.10858684033155441,92.07
0.2175009548664093,92.07
0.19166523218154907,92.08
0.30210399627685547,92.07
0.31662440299987793,92.07
0.22834303975105286,92.07
0.20685040950775146,92.08
0.23332078754901886,92.08
0.08405299484729767,92.09
0.22664815187454224,92.09
0.38705652952194214,92.09
0.23285217583179474,92.08
0.18326817452907562,92.09
0.13232551515102386,92.1
0.2134474515914917,92.11
0.2979673445224762,92.11
0.22030211985111237,92.11
0.2674136459827423,92.1
0.10715436190366745,92.11
0.27194270491600037,92.11
0.3236415684223175,92.1
0.41104912757873535,92.1
0.25708144903182983,92.1
0.49881047010421753,92.09
0.5911844968795776,92.09
0.954984188079834,92.06
0.6119556427001953,92.05
0.3319619297981262,92.04
0.1982109546661377,92.04
0.22625701129436493,92.03
0.3840562105178833,92.03
0.23044686019420624,92.04
0.22467659413814545,92.04
0.21145980060100555,92.05
0.28612640500068665,92.05
0.19388380646705627,92.05
0.1589164286851883,92.06
0.150772362947464,92.06
0.3315512537956238,92.06
0.2642214894294739,92.06
0.29714536666870117,92.05
0.1510901302099228,92.06
0.23515214025974274,92.06
0.3167729079723358,92.06
0.44447648525238037,92.06
0.2938310205936432,92.05
0.24465930461883545,92.05
0.142319455742836,92.06
0.1477779746055603,92.06
0.15078052878379822,92.07
0.22273854911327362,92.06
0.1302749067544937,92.07
0.21829387545585632,92.07
0.205485999584198,92.07
0.2419571578502655,92.07
0.7696667909622192,92.05
0.36198690533638,92.05
0.4009750783443451,92.05
0.138661190867424,92.05
0.18543583154678345,92.05
0.3048359453678131,92.06
0.25085967779159546,92.06
0.2766765356063843,92.06
0.22071735560894012,92.06
0.2611501216888428,92.06
0.2977345883846283,92.05
0.17017881572246552,92.06
0.23205646872520447,92.06
0.21257522702217102,92.06
0.1904079020023346,92.06
0.23824194073677063,92.06
0.24319180846214294,92.06
0.17042385041713715,92.07
0.23723138868808746,92.07
0.21802937984466553,92.07
0.1994217038154602,92.07
0.18868328630924225,92.08
0.2658349275588989,92.08
0.12560585141181946,92.09
0.18934789299964905,92.09
0.13800543546676636,92.1
0.41587090492248535,92.09
0.21054603159427643,92.1
0.22360458970069885,92.1
0.17716677486896515,92.11
0.29292556643486023,92.11
0.484809547662735,92.1
0.32812225818634033,92.09
0.4166273772716522,92.09
0.2436387985944748,92.09
0.41194409132003784,92.09
0.17741750180721283,92.09
0.19122609496116638,92.09
0.26619312167167664,92.1
0.19418229162693024,92.1
0.14847198128700256,92.1
0.24594883620738983,92.1
0.3469606637954712,92.1
0.16354797780513763,92.1
0.24702849984169006,92.1
0.35311955213546753,92.1
0.18439753353595734,92.1
0.3728298246860504,92.09
0.2327505499124527,92.1
0.5947725176811218,92.09
0.5412911772727966,92.08
0.21217890083789825,92.09
0.18814919888973236,92.09
0.35388028621673584,92.09
0.23186945915222168,92.09
0.39007124304771423,92.09
0.3352327346801758,92.09
0.35172826051712036,92.08
0.273021936416626,92.08
0.3516085743904114,92.08
0.19420957565307617,92.08
0.37142252922058105,92.08
0.06291583180427551,92.09
0.16292999684810638,92.09
0.1155317947268486,92.1
0.11312954127788544,92.1
0.2868126332759857,92.1
0.08241411298513412,92.11
0.336296945810318,92.11
0.11186617612838745,92.11
0.29440081119537354,92.11
0.2951139211654663,92.11
0.2964960038661957,92.12
0.20527629554271698,92.12
0.1441981941461563,92.13
0.2958938777446747,92.12
0.16124610602855682,92.13
0.34386521577835083,92.13
0.33095812797546387,92.12
0.2660656273365021,92.13
0.3725001811981201,92.13
0.25248193740844727,92.13
0.0933993011713028,92.14
0.13736730813980103,92.15
0.12581902742385864,92.15
0.18445748090744019,92.15
0.3374515473842621,92.15
0.3773621916770935,92.15
0.2479463517665863,92.15
0.35919395089149475,92.14
0.31922680139541626,92.14
0.23774340748786926,92.14
0.22140979766845703,92.15
0.1235051229596138,92.15
0.10398422926664352,92.16
0.2995975613594055,92.16
0.4663410186767578,92.15
0.2548447847366333,92.15
0.339017778635025,92.15
0.2010326385498047,92.15
0.1336885392665863,92.15
0.42085886001586914,92.15
0.32167142629623413,92.15
0.2595146894454956,92.15
0.2529355585575104,92.15
0.2943430244922638,92.15
0.3632551431655884,92.14
0.22004278004169464,92.14
0.4243871569633484,92.14
0.42819586396217346,92.14
0.38162776827812195,92.13
0.35860830545425415,92.12
0.10660970211029053,92.13
0.0918094590306282,92.14
0.20235559344291687,92.14
0.08897322416305542,92.15
0.33964937925338745,92.15
0.09166358411312103,92.16
0.19196771085262299,92.16
0.18064257502555847,92.16
0.23961123824119568,92.15
0.12550470232963562,92.16
0.1741066575050354,92.16
0.19677038490772247,92.16
0.3651331067085266,92.16
0.2356494814157486,92.16
0.22062508761882782,92.16
0.34488704800605774,92.16
0.08707295358181,92.16
0.46252942085266113,92.15
0.11309539526700974,92.16
0.2740480899810791,92.16
0.20405878126621246,92.16
0.09227753430604935,92.17
0.2683523893356323,92.17
0.2992609739303589,92.16
0.13041113317012787,92.17
0.20463798940181732,92.17
0.08815840631723404,92.18
0.09443958103656769,92.19
0.15947113931179047,92.19
0.41054415702819824,92.18
0.1517319679260254,92.19
0.11377322673797607,92.19
0.1971569061279297,92.2
0.12716636061668396,92.2
0.21087945997714996,92.2
0.12321515381336212,92.21
0.0958029180765152,92.22
0.11833008378744125,92.22
0.3711017668247223,92.22
0.5134881734848022,92.21
0.3141691982746124,92.2
0.15314297378063202,92.21
0.32437044382095337,92.21
0.26348933577537537,92.2
0.13830402493476868,92.21
0.10413404554128647,92.22
0.2326219230890274,92.22
0.48136451840400696,92.21
0.5595382452011108,92.2
0.4287849962711334,92.2
0.2090226262807846,92.2
0.14397719502449036,92.21
0.19857215881347656,92.21
0.4979238510131836,92.21
0.1980099380016327,92.21
0.40380358695983887,92.21
2.297698497772217,21.88
2.3107690811157227,14.06
2.3016319274902344,12.5
2.296649217605591,11.33
2.3000950813293457,12.19
2.2951300144195557,11.2
2.295788526535034,11.16
2.2809717655181885,11.72
2.2994959354400635,11.46
2.2949769496917725,10.63
2.292686939239502,10.51
2.3077657222747803,10.42
2.287125587463379,10.94
2.2927398681640625,11.38
2.2831766605377197,12.08
2.2709994316101074,12.79
2.271859645843506,13.42
2.2830569744110107,13.89
2.259849786758423,14.31
2.2704741954803467,14.69
2.2760276794433594,15.18
2.26432466506958,15.77
2.250161647796631,16.64
2.2503201961517334,17.38
2.2504372596740723,18.0
2.2325119972229004,18.81
2.235666275024414,19.62
2.246030807495117,19.98
2.2373733520507812,20.58
2.233513116836548,21.3
2.2096006870269775,21.88
2.2253146171569824,22.31
2.1988353729248047,22.96
2.194489002227783,23.58
2.204508066177368,24.15
2.2208151817321777,24.52
2.1786818504333496,25.13
2.1829042434692383,25.58
2.16813588142395,26.12
2.1819376945495605,26.41
2.1903505325317383,26.49
2.170182704925537,26.86
2.136533498764038,27.51
2.090970039367676,28.16
2.0775158405303955,28.92
2.102306365966797,29.38
2.123629570007324,29.82
2.088040590286255,30.4
2.077767848968506,30.87
2.0512256622314453,31.5
2.0452680587768555,32.08
2.0530147552490234,32.42
2.0149598121643066,33.14
2.0230891704559326,33.45
2.0192174911499023,33.95
2.0102198123931885,34.32
1.978534460067749,34.68
2.010955810546875,34.99
1.8957020044326782,35.59
1.9089879989624023,36.17
1.9254896640777588,36.58
1.9101530313491821,36.92
1.923807978630066,37.15
1.8605631589889526,37.52
1.854848861694336,37.86
1.8570772409439087,38.0
1.8428847789764404,38.36
1.6785969734191895,38.92
1.7823059558868408,39.33
1.6341098546981812,39.89
1.7326675653457642,40.27
1.7070273160934448,40.62
1.5843528509140015,41.18
1.6660900115966797,41.53
1.635960340499878,41.83
1.5638959407806396,42.13
1.538665533065796,42.55
1.6501331329345703,42.73
1.511865496635437,43.14
1.494863510131836,43.54
1.3557438850402832,43.94
1.4175808429718018,44.23
1.4323283433914185,44.48
1.3337022066116333,44.83
1.3290992975234985,45.18
1.2859373092651367,45.55
1.2807155847549438,45.89
1.1089189052581787,46.36
1.2776398658752441,46.59
1.2795813083648682,46.89
1.2048323154449463,47.2
1.1628026962280273,47.47
1.2560625076293945,47.68
1.0844016075134277,48.02
1.1208919286727905,48.24
1.122754454612732,48.42
1.0337311029434204,48.73
1.1036111116409302,48.96
1.1701029539108276,49.2
1.063509464263916,49.3
1.0823180675506592,49.55
1.0152093172073364,49.8
0.8730309009552002,50.14
0.842867374420166,50.41
0.8538345098495483,50.74
0.8954917192459106,51.0
0.8119943737983704,51.31
0.9371716976165771,51.53
0.856777012348175,51.82
0.7782280445098877,52.07
0.8073400855064392,52.31
0.7820568084716797,52.55
0.6792662739753723,52.82
0.9811640381813049,52.95
0.7505146265029907,53.18
0.8574344515800476,53.3
0.5660895705223083,53.63
0.8423975110054016,53.79
0.7383551597595215,54.03
0.9121785163879395,54.13
0.8071662187576294,54.34
0.5624831914901733,54.62
0.5727868676185608,54.9
0.5797833800315857,55.15
0.6916618943214417,55.37
0.5588737726211548,55.61
0.6041158437728882,55.84
0.5686677694320679,56.1
0.6062498688697815,56.32
0.6470471620559692,56.54
0.5420534014701843,56.81
0.5671337246894836,57.01
0.6619554758071899,57.17
0.5086053609848022,57.37
0.5308836698532104,57.58
0.540717601776123,57.79
0.620745062828064,57.95
0.6749139428138733,58.12
0.5253018140792847,58.32
0.6123077273368835,58.5
0.5162864923477173,58.71
0.48287463188171387,58.91
0.8143630027770996,59.05
0.5190356373786926,59.28
0.43228060007095337,59.47
0.6589215993881226,59.59
0.477615624666214,59.76
0.45926588773727417,59.95
0.4941483438014984,60.12
0.4241245985031128,60.29
0.371405690908432,60.46
0.4777612090110779,60.65
0.527689516544342,60.79
0.45996055006980896,60.99
0.4526098072528839,61.15
0.47514572739601135,61.31
0.6873704195022583,61.42
0.42227259278297424,61.61
0.47087419033050537,61.73
0.4469388425350189,61.9
0.6586513519287109,62.05
0.4864181876182556,62.22
0.4652630686759949,62.38
0.3391300439834595,62.56
0.4794071614742279,62.71
0.5479187965393066,62.86
0.260640025138855,63.04
0.6580200791358948,63.18
0.49764320254325867,63.31
0.3121209144592285,63.47
0.35362911224365234,63.62
0.45405149459838867,63.74
0.29068315029144287,63.92
0.4433889389038086,64.04
0.553520143032074,64.16
0.37229228019714355,64.29
0.3469037413597107,64.45
0.7556248307228088,64.54
0.56413334608078,64.66
0.2646300196647644,64.83
0.5494859218597412,64.93
0.4940398633480072,65.04
0.3278188407421112,65.17
0.5127458572387695,65.25
0.32229292392730713,65.39
0.298745334148407,65.52
0.29152369499206543,65.67
0.4278774559497833,65.77
0.49392983317375183,65.9
0.4543338418006897,66.02
0.5753339529037476,66.08
0.3846750855445862,66.21
0.4891076385974884,66.33
0.6570252180099487,66.41
0.6134631633758545,66.53
0.355713814496994,66.65
0.5605164766311646,66.74
0.3862433135509491,66.83
0.5565969347953796,66.9
0.48401880264282227,67.01
0.2785099744796753,67.14
0.2886635959148407,67.27
0.39701610803604126,67.38
0.5773346424102783,67.46
0.41051697731018066,67.58
0.49059948325157166,67.68
0.4844827651977539,67.78
0.2527967393398285,67.89
0.46291783452033997,67.99
0.5271378755569458,68.08
0.4563216269016266,68.17
0.34409099817276,68.27
0.3175981342792511,68.34
0.3985973596572876,68.44
0.5860424637794495,68.52
0.48952716588974,68.58
0.42521145939826965,68.65
0.36347129940986633,68.74
0.33284854888916016,68.83
0.3121790885925293,68.93
0.5086877346038818,69.0
0.5191341638565063,69.07
0.5415921807289124,69.14
0.4097613990306854,69.23
0.19968193769454956,69.35
0.5598884224891663,69.39
0.272138774394989,69.48
0.3201650083065033,69.59
0.47707751393318176,69.64
0.4226037263870239,69.7
0.3663681447505951,69.78
0.5519883632659912,69.85
0.3898911774158478,69.94
0.24893473088741302,70.05
0.34616321325302124,70.14
0.31136953830718994,70.23
0.4910862445831299,70.3
0.29075878858566284,70.39
0.34983208775520325,70.48
0.5419648885726929,70.53
0.40092602372169495,70.62
0.41215208172798157,70.68
0.6183359026908875,70.73
0.47395867109298706,70.79
0.34791964292526245,70.85
0.3891688287258148,70.93
0.5758183598518372,70.99
0.550354540348053,71.04
0.49852827191352844,71.09
0.3576788306236267,71.16
0.4298267364501953,71.24
0.2850848138332367,71.32
0.44906431436538696,71.38
0.32217907905578613,71.46
0.31468477845191956,71.54
0.4676750600337982,71.59
0.2847551703453064,71.67
0.2726011276245117,71.77
0.32934296131134033,71.83
0.3962756097316742,71.91
0.36841249465942383,71.96
0.4440666735172272,72.02
0.35422250628471375,72.09
0.3349604308605194,72.17
0.23315048217773438,72.25
0.8012177348136902,72.28
0.25930097699165344,72.35
0.3308746814727783,72.43
0.5236508846282959,72.47
0.3727664649486542,72.52
0.5778706073760986,72.56
0.328266441822052,72.62
0.25039276480674744,72.7
0.3555654287338257,72.75
0.22695033252239227,72.82
0.2752951383590698,72.88
0.3960021138191223,72.92
0.3795519173145294,72.98
0.4105660021305084,73.05
0.24128994345664978,73.11
0.3774451017379761,73.17
0.32826927304267883,73.22
0.32380443811416626,73.27
0.3897479176521301,73.33
0.3767439126968384,73.37
0.21790964901447296,73.43
0.345956027507782,73.48
0.7772812843322754,73.5
0.38756564259529114,73.54
0.455367773771286,73.59
0.3856062591075897,73.66
0.3899446725845337,73.71
0.4014686048030853,73.76
0.29496708512306213,73.81
0.5368229150772095,73.86
0.5235941410064697,73.9
0.3895018398761749,73.93
0.6492133140563965,73.95
0.41763365268707275,74.0
0.45878487825393677,74.05
0.2870120108127594,74.11
0.1707708090543747,74.18
0.48938557505607605,74.2
0.2078898847103119,74.25
0.2128818929195404,74.32
0.45385244488716125,74.35
0.3949942886829376,74.39
0.5405818223953247,74.42
0.31242185831069946,74.47
0.4307989776134491,74.5
0.2756032645702362,74.55
0.2679610550403595,74.61
0.35307085514068604,74.66
0.46406111121177673,74.69
0.46490412950515747,74.74
0.31766000390052795,74.79
0.2791708707809448,74.84
0.34415918588638306,74.89
0.41397616267204285,74.94
0.3216652572154999,74.98
0.31895649433135986,75.03
0.3007529675960541,75.08
0.32075631618499756,75.12
0.28324007987976074,75.17
0.3789549767971039,75.19
0.2945678234100342,75.24
0.6593062877655029,75.29
0.473887175321579,75.34
0.5673815608024597,75.38
0.2825603783130646,75.42
0.34129834175109863,75.46
0.619715690612793,75.49
0.39666205644607544,75.53
0.3326881527900696,75.58
0.3350383937358856,75.62
0.3552108407020569,75.65
0.5205773711204529,75.68
0.4736589193344116,75.71
0.3807012438774109,75.76
0.38103026151657104,75.8
0.49174049496650696,75.83
0.1423143744468689,75.9
0.286542147397995,75.95
0.5214884281158447,75.99
0.5041427612304688,76.02
0.7063978910446167,76.03
0.39744463562965393,76.06
0.3332790732383728,76.11
0.2634292244911194,76.16
0.41394367814064026,76.2
0.33335113525390625,76.24
0.44160622358322144,76.25
0.27265357971191406,76.3
0.27793291211128235,76.34
0.23638832569122314,76.4
0.3111448287963867,76.43
0.2298445850610733,76.48
0.3872121274471283,76.51
0.22704577445983887,76.56
0.4255306124687195,76.59
0.40064430236816406,76.64
0.33222708106040955,76.66
0.4708302915096283,76.7
0.5173132419586182,76.71
0.6163697838783264,76.73
0.30850252509117126,76.76
0.5293916463851929,76.79
0.3680817484855652,76.83
0.3993205428123474,76.87
0.5877981185913086,76.9
0.5742040276527405,76.92
0.2490684986114502,76.97
0.4222506582736969,76.99
0.5819392204284668,77.03
0.5941275358200073,77.03
0.3642411530017853,77.05
0.4195241332054138,77.09
0.3740849494934082,77.13
0.35165029764175415,77.16
0.14389589428901672,77.21
0.3853963017463684,77.24
0.28090131282806396,77.28
0.28815531730651855,77.32
0.3642299175262451,77.36
0.439111590385437,77.39
0.33481499552726746,77.4
0.3199473023414612,77.44
0.4472460448741913,77.47
0.5127037167549133,77.47
0.4614499807357788,77.5
0.5423310995101929,77.53
0.3481872081756592,77.56
0.274045467376709,77.59
0.3310594856739044,77.63
0.29241156578063965,77.66
0.2739295959472656,77.69
0.2867332100868225,77.73
0.4757523536682129,77.75
0.4218294024467468,77.78
0.3593045771121979,77.8
0.24961210787296295,77.85
0.4576960504055023,77.87
0.2924955189228058,77.9
0.44325000047683716,77.92
0.22362418472766876,77.96
0.2875843644142151,77.99
0.6543692350387573,78.01
0.3937939703464508,78.03
0.2784475088119507,78.07
0.7125027179718018,78.08
0.1932462900876999,78.12
0.3774380087852478,78.15
0.31458547711372375,78.19
0.26754021644592285,78.21
0.6086077690124512,78.23
0.31249961256980896,78.25
0.4566466510295868,78.28
0.2842724621295929,78.31
0.36434146761894226,78.33
0.3901442885398865,78.36
0.20514631271362305,78.39
0.41182780265808105,78.42
0.6111782789230347,78.42
0.4998575448989868,78.44
0.3710114061832428,78.46
0.32871395349502563,78.48
0.2365422397851944,78.52
0.33161699771881104,78.55
0.3217971920967102,78.57
0.18636876344680786,78.61
0.2668059468269348,78.65
0.4085386097431183,78.67
0.33829745650291443,78.7
0.2742851972579956,78.73
0.3207428753376007,78.76
0.14653250575065613,78.81
0.4327101409435272,78.84
0.20719014108181,78.87
0.5395455360412598,78.88
0.281962513923645,78.91
0.36268022656440735,78.93
0.44908058643341064,78.93
0.3761039674282074,78.95
0.293143630027771,78.98
0.24809329211711884,79.01
0.26758596301078796,79.03
0.33187049627304077,79.05
0.3749607801437378,79.07
0.2558545768260956,79.1
0.17580397427082062,79.13
0.27214500308036804,79.16
0.3713299036026001,79.18
0.38887208700180054,79.2
0.40368881821632385,79.23
0.15055543184280396,79.26
0.33183932304382324,79.29
0.191559299826622,79.33
0.42744049429893494,79.36
0.27985668182373047,79.38
0.30950066447257996,79.4
0.3457750976085663,79.43
0.26628196239471436,79.45
0.43210139870643616,79.46
0.35000014305114746,79.49
0.26387882232666016,79.52
0.5803385376930237,79.53
0.4375431537628174,79.54
0.3364194631576538,79.57
0.35522472858428955,79.59
0.21659527719020844,79.62
0.4038737416267395,79.63
0.30273449420928955,79.65
0.2787474989891052,79.68
0.3782750964164734,79.69
0.5358153581619263,79.7
0.18819674849510193,79.73
0.4431368410587311,79.74
0.26180487871170044,79.76
0.20142948627471924,79.79
0.24738247692584991,79.82
0.536226749420166,79.83
0.1748383790254593,79.87
0.5822968482971191,79.88
0.23578132688999176,79.91
0.2371782660484314,79.94
0.28152891993522644,79.95
0.46366092562675476,79.96
0.4974062740802765,79.97
0.3938656151294708,79.98
0.28008124232292175,80.0
0.27642765641212463,80.03
0.37210261821746826,80.04
0.3170788884162903,80.06
0.19000032544136047,80.09
0.34058892726898193,80.11
0.3530530035495758,80.13
0.14037343859672546,80.16
0.2602553963661194,80.18
0.4385962188243866,80.19
0.2705110013484955,80.21
0.2945566773414612,80.24
0.4344221353530884,80.26
0.32466280460357666,80.28
0.22117073833942413,80.3
0.43909454345703125,80.32
0.23174580931663513,80.34
0.19731399416923523,80.37
0.286302387714386,80.39
0.22943636775016785,80.42
0.19585883617401123,80.44
0.5237082839012146,80.46
0.22457857429981232,80.49
0.3804936707019806,80.5
0.20179912447929382,80.52
0.33999040722846985,80.55
0.1951790153980255,80.57
0.5295852422714233,80.58
0.18780431151390076,80.61
0.4231283962726593,80.62
0.19756686687469482,80.65
0.27865108847618103,80.67
0.2815732955932617,80.69
0.25502830743789673,80.71
0.2360985428094864,80.73
0.20653808116912842,80.75
0.540576696395874,80.75
0.3059719502925873,80.77
0.22139781713485718,80.8
0.3566841781139374,80.82
0.33059507608413696,80.84
0.5707799196243286,80.84
0.17181552946567535,80.86
0.14243699610233307,80.89
0.1467687338590622,80.92
0.1777440309524536,80.95
0.38154536485671997,80.96
0.3612196147441864,80.98
0.5723357796669006,80.99
0.3679320812225342,81.01
0.1984661966562271,81.03
0.23542767763137817,81.04
0.3495734632015228,81.07
0.36360955238342285,81.07
0.5053988099098206,81.08
0.3337765336036682,81.09
0.3956514298915863,81.12
0.6045401096343994,81.12
0.35808566212654114,81.13
0.5337967276573181,81.14
0.2845878005027771,81.16
0.24003258347511292,81.17
0.29810601472854614,81.19
0.19514083862304688,81.22
0.32661256194114685,81.24
0.5927155017852783,81.25
0.2929533123970032,81.27
0.32524439692497253,81.29
0.4861898720264435,81.3
0.6907707452774048,81.32
0.22065412998199463,81.34
0.21826013922691345,81.36
0.24180345237255096,81.39
0.41737067699432373,81.41
0.24996764957904816,81.42
0.3822461664676666,81.44
0.45054614543914795,81.45
0.4540484845638275,81.47
0.34276413917541504,81.48
0.36349305510520935,81.5
0.5813080668449402,81.52
0.4436320662498474,81.54
0.3258582651615143,81.55
0.213349387049675,81.57
0.35382720828056335,81.59
0.1666078418493271,81.61
0.24184074997901917,81.63
0.2741908133029938,81.65
0.39066028594970703,81.67
0.43644240498542786,81.68
0.34390655159950256,81.7
0.29415521025657654,81.72
0.20971497893333435,81.74
0.23050202429294586,81.76
0.3155735433101654,81.79
0.31129464507102966,81.8
0.26466864347457886,81.83
0.24395014345645905,81.84
0.3403463065624237,81.85
0.40031516551971436,81.86
0.16807179152965546,81.88
0.35423606634140015,81.89
0.36123618483543396,81.9
0.16464394330978394,81.93
0.19522272050380707,81.94
0.27924636006355286,81.95
0.1618223935365677,81.98
0.5531787276268005,81.98
0.49179574847221375,81.99
0.2740349769592285,82.01
0.43960660696029663,82.02
0.2463943213224411,82.03
0.3495234549045563,82.04
0.31968656182289124,82.05
0.20577716827392578,82.08
0.4371429681777954,82.09
0.2481193244457245,82.11
0.4986378848552704,82.1
0.40817275643348694,82.12
0.3118651211261749,82.14
0.30080270767211914,82.15
0.2615750730037689,82.17
0.15265388786792755,82.19
0.35749125480651855,82.2
0.3427113890647888,82.2
0.3014521300792694,82.22
0.30392885208129883,82.23
0.5290067791938782,82.24
0.16523389518260956,82.26
0.22957906126976013,82.27
0.2222028523683548,82.3
0.3949469029903412,82.31
0.25110259652137756,82.33
0.26861515641212463,82.34
0.37827256321907043,82.35
0.684455156326294,82.35
0.37145838141441345,82.36
0.13132856786251068,82.38
0.24033336341381073,82.39
0.2081550508737564,82.41
0.30389416217803955,82.42
0.4334286153316498,82.42
0.20336323976516724,82.45
0.22393035888671875,82.46
0.36976534128189087,82.47
0.38119328022003174,82.48
0.3139893412590027,82.5
0.32032710313796997,82.51
0.5518348813056946,82.51
0.4614449739456177,82.53
0.3398727476596832,82.54
0.20014820992946625,82.55
0.23969557881355286,82.57
0.24066436290740967,82.59
0.17897950112819672,82.61
0.3101934790611267,82.62
0.1854688823223114,82.64
0.46080538630485535,82.64
0.306214839220047,82.66
0.25253522396087646,82.67
0.34478560090065,82.68
0.497435986995697,82.68
0.1767948865890503,82.7
0.4444313943386078,82.71
0.3078494071960449,82.73
0.1289442777633667,82.75
0.24251380562782288,82.76
0.5301644802093506,82.78
0.33935546875,82.8
0.30356666445732117,82.81
0.18804459273815155,82.83
0.3811543881893158,82.84
0.30668893456459045,82.85
0.36050277948379517,82.86
0.2990797162055969,82.87
0.2919412851333618,82.88
0.2541969120502472,82.89
0.44226714968681335,82.9
0.4088585674762726,82.92
0.21787472069263458,82.93
0.42440539598464966,82.93
0.32581591606140137,82.94
0.37391453981399536,82.95
0.30706778168678284,82.96
0.3149844706058502,82.97
0.18953487277030945,82.99
0.6421471238136292,83.0
0.3580479919910431,83.01
0.3363344669342041,83.02
0.30360040068626404,83.03
0.3732419013977051,83.03
0.403473824262619,83.04
0.2765476107597351,83.05
0.2676980197429657,83.06
0.26726868748664856,83.07
0.17087402939796448,83.09
0.2908375561237335,83.1
0.18280072510242462,83.12
0.5531160831451416,83.13
0.1893080621957779,83.14
0.3229815363883972,83.15
0.10178747773170471,83.17
0.2787426710128784,83.18
0.3808121681213379,83.19
0.21694599092006683,83.2
0.33266550302505493,83.21
0.1886339783668518,83.23
0.2896532118320465,83.24
0.3314450979232788,83.25
0.1923447698354721,83.27
0.20469151437282562,83.28
0.307190865278244,83.29
0.3707424998283386,83.3
0.31159624457359314,83.31
0.37466615438461304,83.32
0.4207385778427124,83.33
0.17941752076148987,83.35
0.34509676694869995,83.35
0.19095122814178467,83.37
0.34839531779289246,83.38
0.3958982229232788,83.39
0.33865541219711304,83.4
0.3324347734451294,83.42
0.36458542943000793,83.42
0.24355892837047577,83.43
0.2028139978647232,83.44
0.21814891695976257,83.45
0.17770305275917053,83.47
0.30515405535697937,83.48
0.324020653963089,83.49
0.17892920970916748,83.51
0.39422208070755005,83.52
0.22328154742717743,83.53
0.5012122392654419,83.54
0.28873181343078613,83.54
0.32460904121398926,83.55
0.22150680422782898,83.56
0.22218799591064453,83.58
0.48340848088264465,83.59
0.390936017036438,83.59
0.5064087510108948,83.59
0.30463099479675293,83.6
0.30305320024490356,83.61
0.5782012343406677,83.61
0.21364498138427734,83.62
0.4081532955169678,83.63
0.2924252450466156,83.64
0.10666081309318542,83.66
0.2590286135673523,83.67
0.2098953276872635,83.69
0.4433254301548004,83.7
0.23290857672691345,83.71
0.20204703509807587,83.72
0.1960243582725525,83.74
0.23123051226139069,83.75
0.23379787802696228,83.77
0.32267507910728455,83.78
0.3748215138912201,83.79
0.15792709589004517,83.8
0.38359710574150085,83.81
0.3357676565647125,83.82
0.601750373840332,83.81
0.12745343148708344,83.83
0.272774875164032,83.84
0.2884787619113922,83.85
0.27955037355422974,83.86
0.1553729623556137,83.87
0.269550621509552,83.88
0.27022725343704224,83.89
0.2624044418334961,83.9
0.18600614368915558,83.92
0.3575262427330017,83.93
0.1188640147447586,83.94
0.4340546727180481,83.94
0.1424449235200882,83.96
0.4352392852306366,83.96
0.1937001496553421,83.97
0.6215379238128662,83.97
0.2127595841884613,83.98
0.4308842718601227,83.99
0.2706877291202545,84.0
0.21154934167861938,84.01
0.3199256956577301,84.02
0.3712542653083801,84.03
0.31827312707901,84.04
0.18307501077651978,84.06
0.43228328227996826,84.06
0.3002754747867584,84.07
0.3350500166416168,84.08
0.21457113325595856,84.08
0.20889662206172943,84.1
0.22270168364048004,84.11
0.21373184025287628,84.11
0.2770029604434967,93.75
0.29644882678985596,92.19
0.29108232259750366,91.67
0.542987048625946,89.84
0.41563498973846436,89.69
0.22347429394721985,90.62
0.43530648946762085,90.62
0.2355876863002777,91.02
0.30129703879356384,90.8
0.2060021311044693,91.09
0.25598832964897156,91.05
0.37601909041404724,91.02
0.2669527530670166,91.23
0.31670403480529785,91.29
0.40621182322502136,91.15
0.4308037757873535,90.72
0.2512708902359009,90.72
0.2554512321949005,90.62
0.5023914575576782,90.54
0.21464428305625916,90.62
0.4028705954551697,90.25
0.15909560024738312,90.41
0.1271897554397583,90.62
0.27284279465675354,90.56
0.28909334540367126,90.62
0.16691939532756805,90.81
0.34181544184684753,90.8
0.2931823134422302,90.9
0.38367974758148193,90.73
0.5871658325195312,90.68
0.1582249402999878,90.83
0.4133364260196686,90.77
0.30654338002204895,90.77
0.3212290108203888,90.85
0.40251076221466064,90.62
0.34774112701416016,90.58
0.3494895100593567,90.5
0.3084524869918823,90.54
0.31584128737449646,90.62
0.18129897117614746,90.78
0.4086827337741852,90.7
0.3825187683105469,90.66
0.23432211577892303,90.66
0.25034815073013306,90.7
0.19431188702583313,90.69
0.21709755063056946,90.73
0.31895333528518677,90.79
0.3315366506576538,90.79
0.37544912099838257,90.78
0.2668907046318054,90.91
0.33193641901016235,90.87
0.2227247953414917,90.96
0.2307572066783905,91.01
0.31465330719947815,91.0
0.31704479455947876,90.97
0.23017269372940063,90.96
0.46225109696388245,90.84
0.6060808897018433,90.71
0.3428373336791992,90.7
0.19013458490371704,90.81
0.32095867395401,90.83
0.30325883626937866,90.8
0.24703556299209595,90.82
0.25504422187805176,90.87
0.34035634994506836,90.79
0.2710809111595154,90.81
0.2480546534061432,90.81
0.24617618322372437,90.81
0.3599057197570801,90.76
0.120845265686512,90.89
0.29899388551712036,90.89
0.33260294795036316,90.93
0.2504563331604004,90.95
0.31766027212142944,90.9
0.20604325830936432,90.96
0.29157063364982605,90.97
0.23093056678771973,90.99
0.33573731780052185,90.99
0.24250197410583496,91.02
0.29446280002593994,91.05
0.14043450355529785,91.09
0.38034963607788086,91.08
0.3150371313095093,91.11
0.18730692565441132,91.16
0.14103637635707855,91.23
0.17231105268001556,91.32
0.17845773696899414,91.36
0.10156287997961044,91.44
0.16671185195446014,91.49
0.38293778896331787,91.53
0.2270049750804901,91.55
0.17590078711509705,91.58
0.24478012323379517,91.62
0.25485971570014954,91.64
0.228885218501091,91.68
0.26777151226997375,91.67
0.21323943138122559,91.69
0.2571824789047241,91.68
0.4273144006729126,91.65
0.2970075309276581,91.64
0.3405719995498657,91.63
0.31888142228126526,91.64
0.18897724151611328,91.66
0.27626168727874756,91.68
0.29562467336654663,91.67
0.3110143840312958,91.7
0.2861507833003998,91.71
0.26412349939346313,91.71
0.2730996012687683,91.71
0.29178163409233093,91.7
0.35857027769088745,91.71
0.31670406460762024,91.69
0.2302265167236328,91.69
0.31094542145729065,91.71
0.11396601796150208,91.78
0.4243312478065491,91.69
0.2126951366662979,91.72
0.3649219572544098,91.7
0.2392691820859909,91.73
0.5881593823432922,91.69
0.32954519987106323,91.67
0.09733790904283524,91.74
0.16564738750457764,91.78
0.13577085733413696,91.82
0.21946169435977936,91.85
0.16210602223873138,91.87
0.3858698308467865,91.87
0.24515755474567413,91.89
0.35554414987564087,91.87
0.28602826595306396,91.85
0.23913785815238953,91.87
0.21850945055484772,91.88
0.4599444270133972,91.84
0.2654220461845398,91.81
0.18925955891609192,91.81
0.23121140897274017,91.82
0.2835608422756195,91.81
0.46879687905311584,91.77
0.3656154274940491,91.76
0.30879032611846924,91.75
0.3047495186328888,91.77
0.2667301297187805,91.75
0.40991687774658203,91.73
0.3500633239746094,91.75
0.15020182728767395,91.78
0.3304535150527954,91.78
0.2545384466648102,91.78
0.21015648543834686,91.8
0.15654201805591583,91.82
0.2165074497461319,91.82
0.1450967937707901,91.86
0.33227312564849854,91.85
0.22709912061691284,91.86
0.3091120421886444,91.86
0.2916301190853119,91.84
0.3277641236782074,91.83
0.40166229009628296,91.8
0.14045655727386475,91.81
0.22795487940311432,91.8
0.20112375915050507,91.82
0.4340982139110565,91.81
0.3190915286540985,91.79
0.24860209226608276,91.79
0.15898139774799347,91.81
0.20973517000675201,91.81
0.3277815580368042,91.81
0.1694575846195221,91.83
0.48606112599372864,91.83
0.3054938018321991,91.84
0.16969536244869232,91.86
0.16066716611385345,91.89
0.20414391160011292,91.88
0.18154595792293549,91.92
0.3228740692138672,91.91
0.30290693044662476,91.9
0.2852613031864166,91.9
0.17073579132556915,91.92
0.5479100346565247,91.88
0.4527053236961365,91.84
0.09352616220712662,91.87
0.2330688089132309,91.87
0.33592236042022705,91.85
0.15047696232795715,91.87
0.35698267817497253,91.84
0.14394883811473846,91.85
0.1872355043888092,91.87
0.17339710891246796,91.9
0.3314470648765564,91.89
0.32505926489830017,91.89
0.2852112054824829,91.89
0.34646204113960266,91.86
0.2971342206001282,91.87
0.3590703308582306,91.86
0.44839003682136536,91.87
0.45381084084510803,91.85
0.1957448422908783,91.87
0.44192320108413696,91.85
0.220230370759964,91.86
0.37714090943336487,91.83
0.30646997690200806,91.82
0.1656123250722885,91.85
0.1305633783340454,91.87
0.2454705834388733,91.87
0.3277379870414734,91.87
0.3144148290157318,91.87
0.3600353002548218,91.88
0.22226639091968536,91.89
0.10283946990966797,91.92
0.297844797372818,91.92
0.3520238399505615,91.91
0.27903732657432556,91.91
0.1620420515537262,91.91
0.13240280747413635,91.94
0.23189637064933777,91.94
0.47023484110832214,91.93
0.2910274565219879,91.91
0.2551102340221405,91.91
0.21219980716705322,91.92
0.19742241501808167,91.94
0.1769770085811615,91.94
0.41083505749702454,91.93
0.2666669487953186,91.93
0.34627288579940796,91.9
0.2834242582321167,91.9
0.10257226228713989,91.93
0.3737436532974243,91.9
0.17205537855625153,91.92
0.19514188170433044,91.93
0.3184022605419159,91.89
0.19471126794815063,91.9
0.21591432392597198,91.92
0.3359113335609436,91.92
0.2819550633430481,91.93
0.15184824168682098,91.95
0.21119952201843262,91.95
0.2026015669107437,91.96
0.2577512860298157,91.96
0.1330149918794632,91.98
0.19712045788764954,91.99
0.34956344962120056,91.98
0.2297692596912384,91.99
0.23853273689746857,91.99
0.36886900663375854,91.98
0.25711455941200256,91.96
0.21924500167369843,91.98
0.32394376397132874,91.97
0.31351879239082336,91.96
0.49154889583587646,91.94
0.3169530928134918,91.93
0.28242039680480957,91.93
0.26475778222084045,91.93
0.17905332148075104,91.96
0.34788820147514343,91.96
0.20694558322429657,91.97
0.24232274293899536,91.96
0.3969012498855591,91.95
0.20495061576366425,91.96
0.20812082290649414,91.98
0.20180076360702515,91.98
0.3667340576648712,91.97
0.16761000454425812,91.98
0.3429329991340637,91.98
0.22370828688144684,91.98
0.22007624804973602,91.98
0.15188029408454895,91.99
0.6175200939178467,91.97
0.2289714366197586,91.97
0.17702369391918182,91.98
0.3762182593345642,91.97
0.2704131305217743,91.97
0.39691197872161865,91.96
0.1949484497308731,91.97
0.18834584951400757,91.98
0.20678159594535828,91.98
0.13255493342876434,92.0
0.20953665673732758,92.0
0.3094521462917328,91.99
0.24808186292648315,92.0
0.2661687433719635,92.01
0.15209908783435822,92.01
0.30633118748664856,92.02
0.21293720602989197,92.03
0.22034189105033875,92.03
0.20779725909233093,92.03
0.2590447664260864,92.02
0.17837022244930267,92.03
0.25766852498054504,92.03
0.5823901295661926,91.99
0.30131733417510986,91.98
0.28159457445144653,91.98
0.2815115749835968,91.99
0.3336307108402252,92.0
0.24433286488056183,92.01
0.1884494572877884,92.02
0.3560142517089844,92.02
0.2889167070388794,92.02
0.2881040871143341,92.01
0.4346812963485718,92.0
0.3624715805053711,91.99
0.3269985616207123,92.0
0.15183228254318237,92.0
0.13898934423923492,92.0
0.3339218497276306,92.0
0.13904520869255066,92.02
0.11635548621416092,92.03
0.4351854920387268,91.99
0.29006868600845337,91.98
0.366413950920105,91.97
0.2343594878911972,91.97
0.2936190366744995,91.95
0.17010681331157684,91.96
0.13572360575199127,91.98
0.22670571506023407,91.98
0.3627607524394989,91.98
0.3847583532333374,91.98
0.21381743252277374,91.98
0.1994820535182953,91.99
0.25639912486076355,91.98
0.24580980837345123,91.98
0.21013467013835907,91.98
0.19808480143547058,91.99
0.1905013620853424,92.0
0.18719246983528137,92.01
0.1822996437549591,92.02
0.2543637752532959,92.03
0.23132339119911194,92.04
0.5115574598312378,92.04
0.3593173623085022,92.04
0.47249841690063477,92.03
0.14713391661643982,92.03
0.25879228115081787,92.04
0.4801574647426605,92.03
0.28911858797073364,92.02
0.20213663578033447,92.01
0.2176700383424759,92.02
0.24815647304058075,92.02
0.3729826807975769,92.01
0.2544616162776947,92.01
0.2846775949001312,92.01
0.2621546685695648,92.02
0.3834599554538727,92.0
0.09777834266424179,92.03
0.23091942071914673,92.02
0.3703222870826721,92.02
0.30257338285446167,92.01
0.5030198693275452,91.99
0.2850789725780487,91.98
0.24330449104309082,91.99
0.17355024814605713,92.0
0.24448172748088837,92.01
0.23135823011398315,92.01
0.2483900785446167,92.01
0.18660251796245575,92.01
0.16485890746116638,92.02
0.18765652179718018,92.03
0.18034589290618896,92.04
0.1589905172586441,92.06
0.26028957962989807,92.05
0.19668017327785492,92.06
0.29876986145973206,92.07
0.2595825493335724,92.07
0.21840336918830872,92.07
0.34399062395095825,92.07
0.2923854887485504,92.06
0.45968562364578247,92.04
0.1808205097913742,92.05
0.472651869058609,92.04
0.2674446702003479,92.04
0.2932726740837097,92.04
0.46295663714408875,92.03
0.4104101359844208,92.03
0.1432381570339203,92.05
0.2639307975769043,92.05
0.4378296434879303,92.05
0.3796704113483429,92.04
0.25517764687538147,92.04
0.34155571460723877,92.04
0.2566789388656616,92.06
0.2778061628341675,92.06
0.07680302113294601,92.08
0.35740312933921814,92.07
0.2008691132068634,92.08
0.20386020839214325,92.08
0.26181289553642273,92.08
0.26891472935676575,92.07
0.2223687767982483,92.07
0.18280081450939178,92.08
0.3435170650482178,92.08
0.3442609906196594,92.07
0.39399921894073486,92.07
0.3627719581127167,92.06
0.20906387269496918,92.06
0.19584684073925018,92.06
0.23330765962600708,92.07
0.2268381416797638,92.08
0.17971265316009521,92.08
0.2250266969203949,92.09
0.31627991795539856,92.09
0.3063218593597412,92.09
0.21120324730873108,92.1
0.16717621684074402,92.11
0.32534170150756836,92.1
0.15457406640052795,92.11
0.32852354645729065,92.11
0.14618133008480072,92.13
0.21558551490306854,92.13
0.5247752666473389,92.12
0.25637903809547424,92.11
0.2111971378326416,92.12
0.5362192392349243,92.12
0.1390339434146881,92.13
0.2849847972393036,92.13
0.17362463474273682,92.13
0.2029632180929184,92.13
0.418377161026001,92.12
0.18150559067726135,92.13
0.34794700145721436,92.12
0.1665756106376648,92.12
0.28115805983543396,92.12
0.3242245614528656,92.12
0.1230124980211258,92.13
0.25297194719314575,92.14
0.4797772765159607,92.12
0.36065685749053955,92.12
0.2506425082683563,92.12
0.2001919448375702,92.12
0.1453973650932312,92.13
0.25564318895339966,92.13
0.22653540968894958,92.12
0.13947683572769165,92.13
0.17248548567295074,92.13
0.302328884601593,92.13
0.2377898395061493,92.13
0.1671309620141983,92.15
0.22026272118091583,92.15
0.08531080186367035,92.16
0.36684650182724,92.17
0.12946105003356934,92.18
0.4302952289581299,92.18
0.18132242560386658,92.18
0.24500441551208496,92.18
0.3564470708370209,92.16
0.3104022443294525,92.16
0.21797709167003632,92.16
0.17827703058719635,92.16
0.15670040249824524,92.17
0.2132907658815384,92.16
0.25391533970832825,92.17
0.15058854222297668,92.17
0.09778563678264618,92.18
0.18996822834014893,92.19
0.2999669015407562,92.19
0.2261107712984085,92.19
0.30418941378593445,92.19
0.08850382268428802,92.2
0.22066046297550201,92.2
0.10838189721107483,92.22
0.27057528495788574,92.22
0.22214554250240326,92.23
0.18442846834659576,92.23
0.3164198696613312,92.22
0.17095372080802917,92.23
0.28263986110687256,92.22
0.22656692564487457,92.23
0.16465994715690613,92.23
0.41486242413520813,92.23
0.2828677296638489,92.22
0.2537189722061157,92.22
0.22398176789283752,92.23
0.1395183801651001,92.24
0.27701449394226074,92.24
0.21367879211902618,92.25
0.15973062813282013,92.26
0.2530595064163208,92.26
0.4112318754196167,92.24
0.1271815448999405,92.25
0.3322637379169464,92.24
0.1945725679397583,92.25
0.15226301550865173,92.26
0.1564512401819229,92.26
0.4742354154586792,92.26
0.10430291295051575,92.27
0.43903082609176636,92.27
0.17462514340877533,92.28
0.17505019903182983,92.28
0.13384351134300232,92.29
0.3311484754085541,92.27
0.37134113907814026,92.26
0.2352677583694458,92.25
0.17031964659690857,92.26
0.22594012320041656,92.26
0.24804921448230743,92.26
0.1955992728471756,92.27
0.1004432812333107,92.28
0.22604170441627502,92.28
0.2448209822177887,92.27
0.10627295076847076,92.28
0.17715348303318024,92.29
0.2753470242023468,92.28
0.1903054118156433,92.29
0.2176286280155182,92.29
0.3488789200782776,92.29
0.1832849681377411,92.29
0.1565866321325302,92.3
0.31249743700027466,92.3
0.16883017122745514,92.3
0.10508837550878525,92.31
0.17323875427246094,92.31
0.1337747424840927,92.32
0.1352127343416214,92.32
0.4256901144981384,92.32
0.14988799393177032,92.33
0.25131887197494507,92.33
0.12296859920024872,92.33
0.22991421818733215,92.34
0.10042610764503479,92.35
0.4015733301639557,92.33
0.106936976313591,92.34
0.30678319931030273,92.34
0.1136678159236908,92.34
0.2310098558664322,92.35
0.1889561116695404,92.35
0.1577712595462799,92.36
0.17488817870616913,92.36
0.1491238921880722,92.36
0.4231308698654175,92.35
0.24530784785747528,92.35
0.14703182876110077,92.36
0.25918272137641907,92.37
0.264218270778656,92.37
0.43010425567626953,92.36
0.11213219165802002,92.37
0.06669347733259201,92.39
0.07961815595626831,92.4
0.09029091894626617,92.4
0.2959888279438019,92.41
0.2522900104522705,92.41
0.45773860812187195,92.4
0.297204852104187,92.4
0.12329412996768951,92.4
0.16874368488788605,92.41
0.2175912708044052,92.41
0.27405405044555664,92.4
0.3470306396484375,92.39
0.21749401092529297,92.39
0.30804353952407837,92.4
0.38791096210479736,92.39
0.2566366195678711,92.39
0.3555909991264343,92.38
0.2077447921037674,92.37
0.16218194365501404,92.38
0.24000364542007446,92.38
0.12639088928699493,92.39
0.20977380871772766,92.39
0.4157416522502899,92.38
0.2081206887960434,92.38
0.24599885940551758,92.39
0.2960038185119629,92.39
0.5365170240402222,92.38
0.13990327715873718,92.39
0.1602650284767151,92.39
0.17755067348480225,92.4
0.3063974678516388,92.4
0.17382456362247467,92.4
0.26050084829330444,92.41
0.31422027945518494,92.4
0.3034639060497284,92.4
0.23401348292827606,92.4
0.28644365072250366,92.4
0.46788352727890015,92.4
0.37375408411026,92.41
0.19154900312423706,92.41
0.16163136065006256,92.42
0.2555086016654968,92.42
0.10378064960241318,92.43
0.1896437257528305,92.43
0.23730234801769257,92.44
0.29952818155288696,92.44
0.2740586996078491,92.44
0.23567600548267365,92.44
0.1801861822605133,92.45
0.1177460253238678,92.45
0.17141181230545044,92.46
0.22892488539218903,92.47
0.24186551570892334,92.47
0.21327820420265198,92.47
0.1889694482088089,92.48
0.25026416778564453,92.47
0.26838693022727966,92.47
0.09320835769176483,92.48
0.26561829447746277,92.48
0.26874107122421265,92.48
0.09664420038461685,92.48
0.11883965134620667,92.49
0.14873644709587097,92.5
0.10931579768657684,92.5
0.4617987871170044,92.5
0.3770410418510437,92.5
0.2056766003370285,92.5
0.3232668936252594,92.49
0.17839105427265167,92.5
0.23333945870399475,92.5
0.22518903017044067,92.5
0.1756076067686081,92.5
0.3223797380924225,92.5
0.16927899420261383,92.5
0.29467928409576416,92.5
0.2684476971626282,92.5
0.2519508898258209,92.5
0.21233393251895905,92.5
0.18734174966812134,92.5
0.08326172083616257,92.51
0.20422391593456268,92.51
0.213986337184906,92.51
0.20588816702365875,92.51
0.17868255078792572,92.52
0.4165024757385254,92.51
0.07915070652961731,92.52
0.15199825167655945,92.53
0.1701078712940216,92.54
0.27167844772338867,92.53
0.15570372343063354,92.54
0.14766453206539154,92.54
0.2382105439901352,92.54
0.5133786797523499,92.53
0.265742689371109,92.53
0.09864780306816101,92.54
0.11876974254846573,92.55
0.1491803079843521,92.55
0.17754670977592468,92.55
0.3021308183670044,92.55
0.1433989554643631,92.55
0.1432783603668213,92.56
0.26492536067962646,92.56
0.27643871307373047,92.57
0.21840253472328186,92.57
0.22757869958877563,92.58
0.44384074211120605,92.57
0.33102530241012573,92.57
0.28751233220100403,92.57
0.11966986954212189,92.58
0.13994093239307404,92.59
0.1885816603899002,92.59
0.11207065731287003,92.6
0.25628405809402466,92.6
0.11678529530763626,92.6
0.28317567706108093,92.6
0.2003229409456253,92.6
0.1672709584236145,92.61
0.23349736630916595,92.61
0.3436969220638275,92.6
0.12780116498470306,92.6
0.2883116900920868,92.6
0.16880282759666443,92.61
0.07626628130674362,92.62
0.14009056985378265,92.62
0.43144550919532776,92.63
0.2222655713558197,92.63
0.21369634568691254,92.63
0.10857219994068146,92.64
0.30569973587989807,92.63
0.19678980112075806,92.63
0.2072458565235138,92.64
0.1897313892841339,92.64
0.19355201721191406,92.64
0.19483278691768646,92.64
0.3248952627182007,92.64
0.2916775047779083,92.64
0.14954307675361633,92.65
0.26396995782852173,92.64
0.23801065981388092,92.65
0.2772723138332367,92.65
0.2379608154296875,92.64
0.22685012221336365,92.65
0.11628492921590805,92.66
0.5148367285728455,92.65
0.2555099427700043,92.65
0.2468872368335724,92.65
0.17938615381717682,92.65
0.24565286934375763,92.65
0.3321053981781006,92.65
0.1839747130870819,92.65
0.22129781544208527,92.65
0.21153397858142853,92.65
0.09752192348241806,92.66
0.22472268342971802,92.66
0.11613702774047852,92.67
0.33663293719291687,92.66
0.11030271649360657,92.66
0.2145424336194992,92.66
0.07727257907390594,92.67
0.20094861090183258,92.67
0.23353998363018036,92.67
0.16072814166545868,92.67
0.2771155536174774,92.67
0.12527969479560852,92.67
0.1673388034105301,92.68
0.19780193269252777,92.68
0.12632521986961365,92.69
0.12561003863811493,92.7
0.20434735715389252,92.7
0.30685874819755554,92.7
0.21579237282276154,92.7
0.2648126184940338,92.7
0.3087994456291199,92.7
0.11875420808792114,92.7
0.2348368614912033,92.7
0.132017120718956,92.7
0.23183684051036835,92.7
0.29874202609062195,92.71
0.21040166914463043,92.71
0.24357812106609344,92.71
0.2672729194164276,92.71
0.1246773824095726,92.71
0.145740807056427,92.72
0.11755894124507904,92.72
0.11009768396615982,92.73
0.16142332553863525,92.73
0.22445136308670044,92.74
0.13390877842903137,92.74
0.26990827918052673,92.74
0.1332312822341919,92.74
0.32603690028190613,92.74
0.18730175495147705,92.74
0.20470862090587616,92.74
0.16510522365570068,92.74
0.15197129547595978,92.75
0.33866965770721436,92.75
0.2712768316268921,92.74
0.31905630230903625,92.74
0.20008164644241333,92.74
0.1871688961982727,92.74
0.4236191213130951,92.74
0.11912965774536133,92.75
0.3092050552368164,92.74
0.18012727797031403,92.74
0.07509468495845795,92.75
0.21888400614261627,92.75
0.19833829998970032,92.76
0.30372655391693115,92.76
0.13567744195461273,92.76
0.12611471116542816,92.77
0.1249811053276062,92.77
0.18183960020542145,92.77
0.13312089443206787,92.78
0.207037553191185,92.78
0.2734704911708832,92.78
0.1524055153131485,92.78
0.2871246933937073,92.78
0.2250434309244156,92.78
0.47441402077674866,92.77
0.07713374495506287,92.78
0.14970892667770386,92.78
0.20214557647705078,92.78
0.18987534940242767,92.78
0.0904160737991333,92.79
0.18573205173015594,92.79
0.19541987776756287,92.79
0.179666206240654,92.79
0.09969554841518402,92.8
0.243718683719635,92.8
0.06956689804792404,92.8
0.308607280254364,92.8
0.08187285810709,92.81
0.2870587110519409,92.8
0.13429182767868042,92.81
0.4384326636791229,92.8
0.12377630174160004,92.8
0.3169119656085968,92.8
0.18670397996902466,92.81
0.14547818899154663,92.81
0.23040281236171722,92.81
0.2783641517162323,92.81
0.22769396007061005,92.81
0.11666977405548096,92.82
0.28168898820877075,92.82
0.23888221383094788,92.82
0.23499111831188202,92.82
0.10436300188302994,92.83
0.13755975663661957,92.83
0.1324297934770584,92.83
0.1015501394867897,92.83
